Country / territory,Measure Names,Report Epi Week,Year of Date,Measure Values,Laboratory confirmed cases,Suspected cases
Aruba,Suspected,1,2016,0,0,0
Aruba,Confirmed,1,2016,0,0,0
Aruba,Suspected,2,2016,0,0,0
Aruba,Confirmed,2,2016,0,0,0
Aruba,Suspected,3,2016,0,0,0
Aruba,Confirmed,3,2016,0,0,0
Aruba,Suspected,4,2016,0,0,0
Aruba,Confirmed,4,2016,0,0,0
Barbados,Suspected,1,2016,0,3,0
Barbados,Confirmed,1,2016,3,3,0
Barbados,Suspected,,2016,0,0,0
Barbados,Confirmed,2,2016,0,0,0
Barbados,Suspected,3,2016,0,0,0
Barbados,Confirmed,3,2016,0,0,0
Barbados,Suspected,4,2016,0,0,0
Barbados,Confirmed,4,2016,0,0,0
Bolivia,Suspected,1,2016,0,0,0
Bolivia,Confirmed,1,2016,0,0,0
Bolivia,Suspected,2,2016,0,1,0
Bolivia,Confirmed,2,2016,1,1,0
Bolivia,Suspected,3,2016,0,0,0
Bolivia,Confirmed,3,2016,0,0,0
Bolivia,Suspected,4,2016,0,0,0
Bolivia,Confirmed,4,2016,0,0,0
Bonaire,Suspected,1,2016,0,0,0
Bonaire,Confirmed,1,2016,0,0,0
Bonaire,Suspected,2,2016,0,0,0
Bonaire,Confirmed,2,2016,0,0,0
Bonaire,Suspected,3,2016,0,0,0
Bonaire,Confirmed,3,2016,0,0,0
Bonaire,Suspected,4,2016,0,0,0
Bonaire,Confirmed,4,2016,0,0,0
Brazil,Suspected,1,2016,0,0,0
Brazil,Confirmed,1,2016,0,0,0
Brazil,Suspected,2,2016,0,0,0
Brazil,Confirmed,2,2016,0,0,0
Brazil,Suspected,3,2016,0,0,0
Brazil,Confirmed,3,2016,0,0,0
Brazil,Suspected,4,2016,0,0,0
Brazil,Confirmed,4,2016,0,0,0
Colombia,Suspected,1,2016,"1,789",30,"1,789"
Colombia,Confirmed,1,2016,30,30,"1,789"
Colombia,Suspected,2,2016,"2,866",22,"2,866"
Colombia,Confirmed,2,2016,22,22,"2,866"
Colombia,Suspected,3,2016,"3,626",252,"3,626"
Colombia,Confirmed,3,2016,252,252,"3,626"
Colombia,Suspected,4,2016,"5,067",281,"5,067"
Colombia,Confirmed,4,2016,281,281,"5,067"
Costa Rica,Suspected,1,2016,0,0,0
Costa Rica,Confirmed,1,2016,0,0,0
Costa Rica,Suspected,2,2016,0,0,0
Costa Rica,Confirmed,,2016,0,0,0
Costa Rica,Suspected,3,2016,0,0,0
Costa Rica,Confirmed,3,2016,0,0,0
Costa Rica,Suspected,4,2016,0,1,0
Costa Rica,Confirmed,4,2016,1,1,0
Curacao,Suspected,1,2016,0,0,0
Curacao,Confirmed,1,2016,0,0,0
Curacao,Suspected,2,2016,0,0,0
Curacao,Confirmed,2,2016,0,0,0
Curacao,Suspected,3,2016,0,0,0
Curacao,Confirmed,3,2016,0,0,0
Curacao,Suspected,4,2016,0,1,0
Curacao,Confirmed,4,2016,1,1,0
Dominican Republic,Suspected,1,2016,0,0,0
Dominican Republic,Confirmed,1,2016,0,0,0
Dominican Republic,Suspected,2,2016,0,0,0
Dominican Republic,Confirmed,2,2016,0,0,0
Dominican Republic,Suspected,3,2016,27,10,27
Dominican Republic,Confirmed,3,2016,10,10,27
Dominican Republic,Suspected,4,2016,77,0,77
Dominican Republic,Confirmed,4,2016,0,0,77
Ecuador,Suspected,1,2016,0,2,0
Ecuador,Confirmed,1,2016,2,2,0
Ecuador,Suspected,2,2016,0,5,0
Ecuador,Confirmed,2,2016,5,5,0
Ecuador,Suspected,3,2016,0,6,0
Ecuador,Confirmed,3,2016,6,6,0
Ecuador,Suspected,4,2016,0,12,0
Ecuador,Confirmed,4,2016,12,12,0
El Salvador,Suspected,1,2016,492,0,492
El Salvador,Confirmed,1,2016,0,0,492
El Salvador,Suspected,2,2016,"1,069",0,"1,069"
El Salvador,Confirmed,2,2016,0,0,"1,069"
El Salvador,Suspected,3,2016,913,0,913
El Salvador,Confirmed,3,2016,0,0,913
El Salvador,Suspected,4,2016,828,0,828
El Salvador,Confirmed,4,2016,0,0,828
French Guiana,Suspected,1,2016,0,7,0
French Guiana,Confirmed,1,2016,7,7,0
French Guiana,Suspected,2,2016,130,39,130
French Guiana,Confirmed,2,2016,39,39,130
French Guiana,Suspected,3,2016,115,29,115
French Guiana,Confirmed,3,2016,29,29,115
French Guiana,Suspected,4,2016,185,13,185
French Guiana,Confirmed,4,2016,13,13,185
Guadeloupe,Suspected,1,2016,0,0,0
Guadeloupe,Confirmed,1,2016,0,0,0
Guadeloupe,Suspected,2,2016,0,1,0
Guadeloupe,Confirmed,2,2016,1,1,0
Guadeloupe,Suspected,3,2016,0,9,0
Guadeloupe,Confirmed,3,2016,9,9,0
Guadeloupe,Suspected,4,2016,0,7,0
Guadeloupe,Confirmed,4,2016,7,7,0
Guatemala,Suspected,1,2016,0,0,0
Guatemala,Confirmed,1,2016,0,0,0
Guatemala,Suspected,2,2016,78,37,78
Guatemala,Confirmed,2,2016,37,37,78
Guatemala,Suspected,3,2016,0,0,0
Guatemala,Confirmed,3,2016,0,0,0
Guatemala,Suspected,4,2016,0,0,0
Guatemala,Confirmed,4,2016,0,0,0
Guyana,Suspected,1,2016,0,0,0
Guyana,Confirmed,1,2016,0,0,0
Guyana,Suspected,2,2016,0,1,0
Guyana,Confirmed,2,2016,1,1,0
Guyana,Suspected,3,2016,0,0,0
Guyana,Confirmed,3,2016,0,0,0
Guyana,Suspected,4,2016,0,0,0
Guyana,Confirmed,4,2016,0,0,0
Haiti,Suspected,1,2016,13,5,13
Haiti,Confirmed,1,2016,5,5,13
Haiti,Suspected,2,2016,4,0,4
Haiti,Confirmed,2,2016,0,0,4
Haiti,Suspected,3,2016,96,0,96
Haiti,Confirmed,3,2016,0,0,96
Haiti,Suspected,4,2016,204,0,204
Haiti,Confirmed,4,2016,0,0,204
Honduras,Suspected,1,2016,608,0,608
Honduras,Confirmed,1,2016,0,0,608
Honduras,Suspected,2,2016,"1,119",0,"1,119"
Honduras,Confirmed,2,2016,0,0,"1,119"
Honduras,Suspected,3,2016,"1,310",0,"1,310"
Honduras,Confirmed,3,2016,0,0,"1,310"
Honduras,Suspected,4,2016,"1,436",0,"1,436"
Honduras,Confirmed,4,2016,0,0,"1,436"
Jamaica,Suspected,1,2016,0,0,0
Jamaica,Confirmed,1,2016,0,0,0
Jamaica,Suspected,2,2016,0,0,0
Jamaica,Confirmed,2,2016,0,0,0
Jamaica,Suspected,3,2016,0,0,0
Jamaica,Confirmed,3,2016,0,0,0
Jamaica,Suspected,4,2016,0,1,0
Jamaica,Confirmed,4,2016,1,1,0
Martinique,Suspected,1,2016,0,12,0
Martinique,Confirmed,1,2016,12,12,0
Martinique,Suspected,2,2016,"1,231",0,"1,231"
Martinique,Confirmed,2,2016,0,0,"1,231"
Martinique,Suspected,3,2016,"1,064",0,"1,064"
Martinique,Confirmed,3,2016,0,0,"1,064"
Martinique,Suspected,4,2016,"1,645",0,"1,645"
Martinique,Confirmed,4,2016,0,0,"1,645"
Mexico,Suspected,1,2016,0,0,0
Mexico,Confirmed,1,2016,0,0,0
Mexico,Suspected,2,2016,0,3,0
Mexico,Confirmed,2,2016,3,3,0
Mexico,Suspected,3,2016,0,16,0
Mexico,Confirmed,3,2016,16,16,0
Mexico,Suspected,4,2016,0,31,0
Mexico,Confirmed,4,2016,31,31,0
Nicaragua,Suspected,1,2016,0,0,0
Nicaragua,Confirmed,1,2016,0,0,0
Nicaragua,Suspected,2,2016,0,0,0
Nicaragua,Confirmed,2,2016,0,0,0
Nicaragua,Suspected,3,2016,0,0,0
Nicaragua,Confirmed,3,2016,0,0,0
Nicaragua,Suspected,4,2016,0,2,0
Nicaragua,Confirmed,4,2016,2,2,0
Panama,Suspected,1,2016,0,4,0
Panama,Confirmed,1,2016,4,4,0
Panama,Suspected,2,2016,0,3,0
Panama,Confirmed,2,2016,3,3,0
Panama,Suspected,3,2016,0,4,0
Panama,Confirmed,3,2016,4,4,0
Panama,Suspected,4,2016,0,4,0
Panama,Confirmed,4,2016,4,4,0
Paraguay,Suspected,1,2016,0,0,0
Paraguay,Confirmed,1,2016,0,0,0
Paraguay,Suspected,2,2016,0,0,0
Paraguay,Confirmed,2,2016,0,0,0
Paraguay,Suspected,3,2016,0,0,0
Paraguay,Confirmed,3,2016,0,0,0
Paraguay,Suspected,4,2016,0,0,0
Paraguay,Confirmed,4,2016,0,0,0
Puerto Rico,Suspected,1,2016,0,4,0
Puerto Rico,Confirmed,1,2016,4,4,0
Puerto Rico,Suspected,2,2016,0,4,0
Puerto Rico,Confirmed,2,2016,4,4,0
Puerto Rico,Suspected,3,2016,0,4,0
Puerto Rico,Confirmed,3,2016,4,4,0
Puerto Rico,Suspected,4,2016,0,9,0
Puerto Rico,Confirmed,4,2016,9,9,0
Saint Martin,Suspected,1,2016,0,0,0
Saint Martin,Confirmed,1,2016,0,0,0
Saint Martin,Suspected,2,2016,0,1,0
Saint Martin,Confirmed,2,2016,1,1,0
Saint Martin,Suspected,3,2016,0,0,0
Saint Martin,Confirmed,3,2016,0,0,0
Saint Martin,Suspected,4,2016,0,0,0
Saint Martin,Confirmed,4,2016,0,0,0
Saint Vincent and the Grenadines,Suspected,1,2016,0,0,0
Saint Vincent and the Grenadines,Confirmed,1,2016,0,0,0
Saint Vincent and the Grenadines,Suspected,2,2016,0,0,0
Saint Vincent and the Grenadines,Confirmed,2,2016,0,0,0
Saint Vincent and the Grenadines,Suspected,3,2016,0,0,0
Saint Vincent and the Grenadines,Confirmed,3,2016,0,0,0
Saint Vincent and the Grenadines,Suspected,4,2016,0,0,0
Saint Vincent and the Grenadines,Confirmed,4,2016,0,0,0
Sint Maarten,Suspected,1,2016,0,0,0
Sint Maarten,Confirmed,1,2016,0,0,0
Sint Maarten,Suspected,2,2016,0,0,0
Sint Maarten,Confirmed,2,2016,0,0,0
Sint Maarten,Suspected,3,2016,0,0,0
Sint Maarten,Confirmed,3,2016,0,0,0
Sint Maarten,Suspected,4,2016,0,0,0
Sint Maarten,Confirmed,4,2016,0,0,0
Suriname,Suspected,1,2016,71,0,71
Suriname,Confirmed,1,2016,0,0,71
Suriname,Suspected,2,2016,278,0,278
Suriname,Confirmed,2,2016,0,0,278
Suriname,Suspected,3,2016,422,0,422
Suriname,Confirmed,3,2016,0,0,422
Suriname,Suspected,4,2016,487,0,487
Suriname,Confirmed,4,2016,0,0,487
Trinidad and Tobago,Suspected,1,2016,0,0,0
Trinidad and Tobago,Confirmed,1,2016,0,0,0
Trinidad and Tobago,Suspected,2,2016,0,0,0
Trinidad and Tobago,Confirmed,2,2016,0,0,0
Trinidad and Tobago,Suspected,3,2016,0,0,0
Trinidad and Tobago,Confirmed,3,2016,0,0,0
Trinidad and Tobago,Suspected,4,2016,0,0,0
Trinidad and Tobago,Confirmed,4,2016,0,0,0
United States Virgin Islands,Suspected,1,2016,0,0,0
United States Virgin Islands,Confirmed,1,2016,0,0,0
United States Virgin Islands,Suspected,2,2016,0,0,0
United States Virgin Islands,Confirmed,2,2016,0,0,0
United States Virgin Islands,Suspected,3,2016,0,1,0
United States Virgin Islands,Confirmed,3,2016,1,1,0
United States Virgin Islands,Suspected,4,2016,0,0,0
United States Virgin Islands,Confirmed,4,2016,0,0,0
Venezuela,Suspected,1,2016,0,0,0
Venezuela,Confirmed,1,2016,0,0,0
Venezuela,Suspected,2,2016,0,0,0
Venezuela,Confirmed,2,2016,0,0,0
Venezuela,Suspected,3,2016,0,0,0
Venezuela,Confirmed,3,2016,0,0,0
Venezuela,Suspected,4,2016,"4,693",0,"4,693"
Venezuela,Confirmed,4,2016,0,0,"4,693"
Aruba,Suspected,5,2016,0,0,0
Aruba,Confirmed,5,2016,0,0,0
Aruba,Suspected,6,2016,0,0,0
Aruba,Confirmed,6,2016,0,0,0
Aruba,Suspected,7,2016,0,4,0
Aruba,Confirmed,7,2016,4,4,0
Barbados,Suspected,5,2016,0,0,0
Barbados,Confirmed,5,2016,0,0,0
Barbados,Suspected,6,2016,0,4,0
Barbados,Confirmed,6,2016,4,4,0
Barbados,Suspected,7,2016,0,0,0
Barbados,Confirmed,7,2016,0,0,0
Barbados,Suspected,8,2016,0,0,0
Barbados,Confirmed,8,2016,0,0,0
Bolivia,Suspected,5,2016,0,0,0
Bolivia,Confirmed,5,2016,0,0,0
Bonaire,Suspected,5,2016,0,0,0
Bonaire,Confirmed,5,2016,0,0,0
Bonaire,Suspected,6,2016,0,0,0
Bonaire,Confirmed,6,2016,0,0,0
Bonaire,Suspected,7,2016,0,1,0
Bonaire,Confirmed,7,2016,1,1,0
Brazil,Suspected,5,2016,0,0,0
Brazil,Confirmed,5,2016,0,0,0
Brazil,Suspected,6,2016,"1,451",526,"1,451"
Brazil,Confirmed,6,2016,526,526,"1,451"
Colombia,Suspected,5,2016,"5,737",173,"5,737"
Colombia,Confirmed,5,2016,173,173,"5,737"
Colombia,Suspected,6,2016,"5,348",108,"5,348"
Colombia,Confirmed,6,2016,108,108,"5,348"
Colombia,Suspected,7,2016,"5,695",0,"5,695"
Colombia,Confirmed,7,2016,0,0,"5,695"
Costa Rica,Suspected,5,2016,0,0,0
Costa Rica,Confirmed,5,2016,0,0,0
Costa Rica,Suspected,6,2016,0,0,0
Costa Rica,Confirmed,6,2016,0,0,0
Costa Rica,Suspected,7,2016,0,0,0
Costa Rica,Confirmed,7,2016,0,0,0
Costa Rica,Suspected,8,2016,0,2,0
Costa Rica,Confirmed,8,2016,2,2,0
Curacao,Suspected,5,2016,0,0,0
Curacao,Confirmed,5,2016,0,0,0
Dominican Republic,Suspected,5,2016,119,8,119
Dominican Republic,Confirmed,5,2016,8,8,119
Dominican Republic,Suspected,6,2016,82,0,82
Dominican Republic,Confirmed,6,2016,0,0,82
Dominican Republic,Suspected,7,2016,90,0,90
Dominican Republic,Confirmed,7,2016,0,0,90
Ecuador,Suspected,5,2016,0,0,0
Ecuador,Confirmed,5,2016,0,0,0
Ecuador,Suspected,6,2016,0,14,0
Ecuador,Confirmed,6,2016,14,14,0
Ecuador,Suspected,7,2016,115,1,115
Ecuador,Confirmed,7,2016,1,1,115
El Salvador,Suspected,5,2016,785,0,785
El Salvador,Confirmed,5,2016,0,0,785
El Salvador,Suspected,6,2016,661,0,661
El Salvador,Confirmed,6,2016,0,0,661
El Salvador,Suspected,7,2016,375,0,375
El Salvador,Confirmed,7,2016,0,0,375
French Guiana,Suspected,5,2016,0,0,0
French Guiana,Confirmed,5,2016,0,0,0
French Guiana,Suspected,6,2016,360,11,360
French Guiana,Confirmed,6,2016,11,11,360
French Guiana,Suspected,7,2016,240,3,240
French Guiana,Confirmed,7,2016,3,3,240
Guadeloupe,Suspected,5,2016,0,0,0
Guadeloupe,Confirmed,5,2016,0,0,0
Guadeloupe,Suspected,6,2016,221,8,221
Guadeloupe,Confirmed,6,2016,8,8,221
Guadeloupe,Suspected,7,2016,168,10,168
Guadeloupe,Confirmed,7,2016,10,10,168
Guatemala,Suspected,5,2016,0,0,0
Guatemala,Confirmed,5,2016,0,0,0
Guyana,Suspected,5,2016,0,0,0
Guyana,Confirmed,5,2016,0,0,0
Haiti,Suspected,5,2016,0,0,0
Haiti,Confirmed,5,2016,0,0,0
Honduras,Suspected,5,2016,0,0,0
Honduras,Confirmed,5,2016,0,0,0
Jamaica,Suspected,5,2016,0,0,0
Jamaica,Confirmed,5,2016,0,0,0
Martinique,Suspected,5,2016,0,0,0
Martinique,Confirmed,5,2016,0,0,0
Martinique,Suspected,6,2016,"2,110",0,"2,110"
Martinique,Confirmed,6,2016,0,0,"2,110"
Martinique,Suspected,7,2016,"1,550",0,"1,550"
Martinique,Confirmed,7,2016,0,0,"1,550"
Mexico,Suspected,5,2016,0,15,0
Mexico,Confirmed,5,2016,15,15,0
Mexico,Suspected,6,2016,0,13,0
Mexico,Confirmed,6,2016,13,13,0
Mexico,Suspected,7,2016,0,28,0
Mexico,Confirmed,7,2016,28,28,0
Nicaragua,Suspected,5,2016,0,19,0
Nicaragua,Confirmed,5,2016,19,19,0
Nicaragua,Suspected,6,2016,0,26,0
Nicaragua,Confirmed,6,2016,26,26,0
Nicaragua,Suspected,7,2016,0,19,0
Nicaragua,Confirmed,7,2016,19,19,0
Nicaragua,Suspected,8,2016,0,22,0
Nicaragua,Confirmed,8,2016,22,22,0
Panama,Suspected,5,2016,0,10,0
Panama,Confirmed,5,2016,10,10,0
Panama,Suspected,6,2016,0,8,0
Panama,Confirmed,6,2016,8,8,0
Panama,Suspected,7,2016,0,15,0
Panama,Confirmed,7,2016,15,15,0
Paraguay,Suspected,5,2016,0,0,0
Paraguay,Confirmed,5,2016,0,0,0
Puerto Rico,Suspected,5,2016,0,0,0
Puerto Rico,Confirmed,5,2016,0,0,0
Saint Martin,Suspected,5,2016,0,0,0
Saint Martin,Confirmed,5,2016,0,0,0
Saint Martin,Suspected,6,2016,44,6,44
Saint Martin,Confirmed,6,2016,6,6,44
Saint Martin,Suspected,7,2016,14,4,14
Saint Martin,Confirmed,7,2016,4,4,14
Saint Vincent and the Grenadines,Suspected,5,2016,0,0,0
Saint Vincent and the Grenadines,Confirmed,5,2016,0,0,0
Saint Vincent and the Grenadines,Suspected,6,2016,0,0,0
Saint Vincent and the Grenadines,Confirmed,6,2016,0,0,0
Saint Vincent and the Grenadines,Suspected,7,2016,0,0,0
Saint Vincent and the Grenadines,Confirmed,7,2016,0,0,0
Saint Vincent and the Grenadines,Suspected,8,2016,0,1,0
Saint Vincent and the Grenadines,Confirmed,8,2016,1,1,0
Sint Maarten,Suspected,5,2016,0,0,0
Sint Maarten,Confirmed,5,2016,0,0,0
Sint Maarten,Suspected,6,2016,0,0,0
Sint Maarten,Confirmed,6,2016,0,0,0
Sint Maarten,Suspected,7,2016,0,1,0
Sint Maarten,Confirmed,7,2016,1,1,0
Sint Maarten,Suspected,8,2016,0,1,0
Sint Maarten,Confirmed,8,2016,1,1,0
Suriname,Suspected,5,2016,452,0,452
Suriname,Confirmed,5,2016,0,0,452
Suriname,Suspected,6,2016,312,0,312
Suriname,Confirmed,6,2016,0,0,312
Trinidad and Tobago,Suspected,5,2016,0,0,0
Trinidad and Tobago,Confirmed,5,2016,0,0,0
Trinidad and Tobago,Suspected,6,2016,0,0,0
Trinidad and Tobago,Confirmed,6,2016,0,0,0
Trinidad and Tobago,Suspected,7,2016,0,1,0
Trinidad and Tobago,Confirmed,7,2016,1,1,0
United States Virgin Islands,Suspected,5,2016,0,0,0
United States Virgin Islands,Confirmed,5,2016,0,0,0
United States Virgin Islands,Suspected,6,2016,0,0,0
United States Virgin Islands,Confirmed,6,2016,0,0,0
United States Virgin Islands,Suspected,7,2016,59,1,59
United States Virgin Islands,Confirmed,7,2016,1,1,59
United States Virgin Islands,Suspected,8,2016,0,2,0
United States Virgin Islands,Confirmed,8,2016,2,2,0
Venezuela,Suspected,5,2016,0,0,0
Venezuela,Confirmed,5,2016,0,0,0
Barbados,Suspected,9,2016,277,2,277
Barbados,Confirmed,9,2016,2,2,277
Nicaragua,Suspected,9,2016,0,4,0
Nicaragua,Confirmed,9,2016,4,4,0
United States Virgin Islands,Suspected,9,2016,7,2,7
United States Virgin Islands,Confirmed,9,2016,2,2,7
Brazil,Suspected,19,2015,0,8,0
Brazil,Confirmed,19,2015,8,8,0
Brazil,Suspected,20,2015,0,0,0
Brazil,Confirmed,20,2015,0,0,0
Brazil,Suspected,27,2015,39,0,39
Brazil,Confirmed,27,2015,0,0,39
Aruba,Suspected,40,2015,0,0,0
Aruba,Confirmed,40,2015,0,0,0
Aruba,Suspected,41,2015,0,0,0
Aruba,Confirmed,41,2015,0,0,0
Aruba,Suspected,42,2015,0,0,0
Aruba,Confirmed,42,2015,0,0,0
Aruba,Suspected,43,2015,0,0,0
Aruba,Confirmed,43,2015,0,0,0
Barbados,Suspected,40,2015,0,0,0
Barbados,Confirmed,40,2015,0,0,0
Barbados,Suspected,41,2015,0,0,0
Barbados,Confirmed,41,2015,0,0,0
Barbados,Suspected,42,2015,0,0,0
Barbados,Confirmed,42,2015,0,0,0
Barbados,Suspected,43,2015,0,0,0
Barbados,Confirmed,43,2015,0,0,0
Bolivia,Suspected,40,2015,0,0,0
Bolivia,Confirmed,40,2015,0,0,0
Bolivia,Suspected,41,2015,0,0,0
Bolivia,Confirmed,41,2015,0,0,0
Bolivia,Suspected,42,2015,0,0,0
Bolivia,Confirmed,42,2015,0,0,0
Bolivia,Suspected,43,2015,0,0,0
Bolivia,Confirmed,43,2015,0,0,0
Bonaire,Suspected,40,2015,0,0,0
Bonaire,Confirmed,40,2015,0,0,0
Bonaire,Suspected,41,2015,0,0,0
Bonaire,Confirmed,41,2015,0,0,0
Bonaire,Suspected,42,2015,0,0,0
Bonaire,Confirmed,42,2015,0,0,0
Bonaire,Suspected,43,2015,0,0,0
Bonaire,Confirmed,43,2015,0,0,0
Brazil,Suspected,40,2015,0,0,0
Brazil,Confirmed,40,2015,0,0,0
Brazil,Suspected,41,2015,0,0,0
Brazil,Confirmed,41,2015,0,0,0
Brazil,Suspected,42,2015,0,0,0
Brazil,Confirmed,42,2015,0,0,0
Brazil,Suspected,43,2015,0,0,0
Brazil,Confirmed,43,2015,0,0,0
Colombia,Suspected,40,2015,89,9,89
Colombia,Confirmed,40,2015,9,9,89
Colombia,Suspected,41,2015,0,46,0
Colombia,Confirmed,41,2015,46,46,0
Colombia,Suspected,42,2015,150,193,150
Colombia,Confirmed,42,2015,193,193,150
Colombia,Suspected,43,2015,247,93,247
Colombia,Confirmed,43,2015,93,93,247
Costa Rica,Suspected,40,2015,0,0,0
Costa Rica,Confirmed,40,2015,0,0,0
Costa Rica,Suspected,41,2015,0,0,0
Costa Rica,Confirmed,41,2015,0,0,0
Costa Rica,Suspected,42,2015,0,0,0
Costa Rica,Confirmed,42,2015,0,0,0
Costa Rica,Suspected,43,2015,0,0,0
Costa Rica,Confirmed,43,2015,0,0,0
Curacao,Suspected,40,2015,0,0,0
Curacao,Confirmed,40,2015,0,0,0
Curacao,Suspected,41,2015,0,0,0
Curacao,Confirmed,41,2015,0,0,0
Curacao,Suspected,42,2015,0,0,0
Curacao,Confirmed,42,2015,0,0,0
Curacao,Suspected,43,2015,0,0,0
Curacao,Confirmed,43,2015,0,0,0
Dominican Republic,Suspected,40,2015,0,0,0
Dominican Republic,Confirmed,40,2015,0,0,0
Dominican Republic,Suspected,41,2015,0,0,0
Dominican Republic,Confirmed,41,2015,0,0,0
Dominican Republic,Suspected,42,2015,0,0,0
Dominican Republic,Confirmed,42,2015,0,0,0
Dominican Republic,Suspected,43,2015,0,0,0
Dominican Republic,Confirmed,43,2015,0,0,0
Ecuador,Suspected,40,2015,0,0,0
Ecuador,Confirmed,40,2015,0,0,0
Ecuador,Suspected,41,2015,0,0,0
Ecuador,Confirmed,41,2015,0,0,0
Ecuador,Suspected,42,2015,0,0,0
Ecuador,Confirmed,42,2015,0,0,0
Ecuador,Suspected,43,2015,0,0,0
Ecuador,Confirmed,43,2015,0,0,0
El Salvador,Suspected,40,2015,0,0,0
El Salvador,Confirmed,40,2015,0,0,0
El Salvador,Suspected,41,2015,0,0,0
El Salvador,Confirmed,41,2015,0,0,0
El Salvador,Suspected,42,2015,0,0,0
El Salvador,Confirmed,42,2015,0,0,0
El Salvador,Suspected,43,2015,0,0,0
El Salvador,Confirmed,,2015,0,0,0
French Guiana,Suspected,40,2015,0,0,0
French Guiana,Confirmed,40,2015,0,0,0
French Guiana,Suspected,41,2015,0,0,0
French Guiana,Confirmed,41,2015,0,0,0
French Guiana,Suspected,42,2015,0,0,0
French Guiana,Confirmed,42,2015,0,0,0
French Guiana,Suspected,43,2015,0,0,0
French Guiana,Confirmed,43,2015,0,0,0
Guadeloupe,Suspected,40,2015,0,0,0
Guadeloupe,Confirmed,40,2015,0,0,0
Guadeloupe,Suspected,41,2015,0,0,0
Guadeloupe,Confirmed,41,2015,0,0,0
Guadeloupe,Suspected,42,2015,0,0,0
Guadeloupe,Confirmed,42,2015,0,0,0
Guadeloupe,Suspected,43,2015,0,0,0
Guadeloupe,Confirmed,43,2015,0,0,0
Guatemala,Suspected,40,2015,0,0,0
Guatemala,Confirmed,40,2015,0,0,0
Guatemala,Suspected,41,2015,0,0,0
Guatemala,Confirmed,41,2015,0,0,0
Guatemala,Suspected,42,2015,0,0,0
Guatemala,Confirmed,42,2015,0,0,0
Guatemala,Suspected,43,2015,0,0,0
Guatemala,Confirmed,43,2015,0,0,0
Guyana,Suspected,40,2015,0,0,0
Guyana,Confirmed,40,2015,0,0,0
Guyana,Suspected,41,2015,0,0,0
Guyana,Confirmed,41,2015,0,0,0
Guyana,Suspected,42,2015,0,0,0
Guyana,Confirmed,42,2015,0,0,0
Guyana,Suspected,43,2015,0,0,0
Guyana,Confirmed,43,2015,0,0,0
Haiti,Suspected,40,2015,0,0,0
Haiti,Confirmed,40,2015,0,0,0
Haiti,Suspected,41,2015,0,0,0
Haiti,Confirmed,41,2015,0,0,0
Haiti,Suspected,42,2015,3,0,3
Haiti,Confirmed,42,2015,0,0,3
Haiti,Suspected,43,2015,0,0,0
Haiti,Confirmed,43,2015,0,0,0
Honduras,Suspected,40,2015,0,0,0
Honduras,Confirmed,40,2015,0,0,0
Honduras,Suspected,41,2015,0,0,0
Honduras,Confirmed,41,2015,0,0,0
Honduras,Suspected,42,2015,0,0,0
Honduras,Confirmed,42,2015,0,0,0
Honduras,Suspected,43,2015,0,0,0
Honduras,Confirmed,43,2015,0,0,0
Jamaica,Suspected,40,2015,0,0,0
Jamaica,Confirmed,40,2015,0,0,0
Jamaica,Suspected,41,2015,0,0,0
Jamaica,Confirmed,41,2015,0,0,0
Jamaica,Suspected,42,2015,0,0,0
Jamaica,Confirmed,42,2015,0,0,0
Jamaica,Suspected,43,2015,0,0,0
Jamaica,Confirmed,43,2015,0,0,0
Martinique,Suspected,40,2015,0,0,0
Martinique,Confirmed,40,2015,0,0,0
Martinique,Suspected,41,2015,0,0,0
Martinique,Confirmed,41,2015,0,0,0
Martinique,Suspected,42,2015,0,0,0
Martinique,Confirmed,42,2015,0,0,0
Martinique,Suspected,43,2015,0,0,0
Martinique,Confirmed,43,2015,0,0,0
Mexico,Suspected,40,2015,0,0,0
Mexico,Confirmed,40,2015,0,0,0
Mexico,Suspected,41,2015,0,0,0
Mexico,Confirmed,41,2015,0,0,0
Mexico,Suspected,42,2015,0,0,0
Mexico,Confirmed,42,2015,0,0,0
Mexico,Suspected,43,2015,0,0,0
Mexico,Confirmed,43,2015,0,0,0
Nicaragua,Suspected,40,2015,0,0,0
Nicaragua,Confirmed,40,2015,0,0,0
Nicaragua,Suspected,41,2015,0,0,0
Nicaragua,Confirmed,41,2015,0,0,0
Nicaragua,Suspected,42,2015,0,0,0
Nicaragua,Confirmed,42,2015,0,0,0
Nicaragua,Suspected,43,2015,0,0,0
Nicaragua,Confirmed,43,2015,0,0,0
Panama,Suspected,40,2015,0,0,0
Panama,Confirmed,40,2015,0,0,0
Panama,Suspected,41,2015,0,0,0
Panama,Confirmed,41,2015,0,0,0
Panama,Suspected,42,2015,0,0,0
Panama,Confirmed,42,2015,0,0,0
Panama,Suspected,43,2015,0,0,0
Panama,Confirmed,43,2015,0,0,0
Paraguay,Suspected,40,2015,0,0,0
Paraguay,Confirmed,40,2015,0,0,0
Paraguay,Suspected,41,2015,0,0,0
Paraguay,Confirmed,41,2015,0,0,0
Paraguay,Suspected,42,2015,0,0,0
Paraguay,Confirmed,42,2015,0,0,0
Paraguay,Suspected,43,2015,0,0,0
Paraguay,Confirmed,43,2015,0,0,0
Puerto Rico,Suspected,40,2015,0,0,0
Puerto Rico,Confirmed,40,2015,0,0,0
Puerto Rico,Suspected,41,2015,0,0,0
Puerto Rico,Confirmed,41,2015,0,0,0
Puerto Rico,Suspected,42,2015,0,0,0
Puerto Rico,Confirmed,42,2015,0,0,0
Puerto Rico,Suspected,43,2015,0,0,0
Puerto Rico,Confirmed,43,2015,0,0,0
Saint Martin,Suspected,40,2015,0,0,0
Saint Martin,Confirmed,40,2015,0,0,0
Saint Martin,Suspected,41,2015,0,0,0
Saint Martin,Confirmed,41,2015,0,0,0
Saint Martin,Suspected,42,2015,0,0,0
Saint Martin,Confirmed,42,2015,0,0,0
Saint Martin,Suspected,43,2015,0,0,0
Saint Martin,Confirmed,43,2015,0,0,0
Saint Vincent and the Grenadines,Suspected,40,2015,0,0,0
Saint Vincent and the Grenadines,Confirmed,40,2015,0,0,0
Saint Vincent and the Grenadines,Suspected,41,2015,0,0,0
Saint Vincent and the Grenadines,Confirmed,41,2015,0,0,0
Saint Vincent and the Grenadines,Suspected,42,2015,0,0,0
Saint Vincent and the Grenadines,Confirmed,42,2015,0,0,0
Saint Vincent and the Grenadines,Suspected,43,2015,0,0,0
Saint Vincent and the Grenadines,Confirmed,43,2015,0,0,0
Sint Maarten,Suspected,40,2015,0,0,0
Sint Maarten,Confirmed,40,2015,0,0,0
Sint Maarten,Suspected,41,2015,0,0,0
Sint Maarten,Confirmed,41,2015,0,0,0
Sint Maarten,Suspected,42,2015,0,0,0
Sint Maarten,Confirmed,42,2015,0,0,0
Sint Maarten,Suspected,43,2015,0,0,0
Sint Maarten,Confirmed,43,2015,0,0,0
Suriname,Suspected,40,2015,0,0,0
Suriname,Confirmed,40,2015,0,0,0
Suriname,Suspected,41,2015,0,0,0
Suriname,Confirmed,41,2015,0,0,0
Suriname,Suspected,42,2015,0,0,0
Suriname,Confirmed,42,2015,0,0,0
Suriname,Suspected,43,2015,1,0,1
Suriname,Confirmed,43,2015,0,0,1
Trinidad and Tobago,Suspected,40,2015,0,0,0
Trinidad and Tobago,Confirmed,40,2015,0,0,0
Trinidad and Tobago,Suspected,41,2015,0,0,0
Trinidad and Tobago,Confirmed,41,2015,0,0,0
Trinidad and Tobago,Suspected,42,2015,0,0,0
Trinidad and Tobago,Confirmed,42,2015,0,0,0
Trinidad and Tobago,Suspected,43,2015,0,0,0
Trinidad and Tobago,Confirmed,43,2015,0,0,0
United States Virgin Islands,Suspected,40,2015,0,0,0
United States Virgin Islands,Confirmed,40,2015,0,0,0
United States Virgin Islands,Suspected,41,2015,0,0,0
United States Virgin Islands,Confirmed,41,2015,0,0,0
United States Virgin Islands,Suspected,42,2015,0,0,0
United States Virgin Islands,Confirmed,42,2015,0,0,0
United States Virgin Islands,Suspected,43,2015,0,0,0
United States Virgin Islands,Confirmed,43,2015,0,0,0
Venezuela,Suspected,40,2015,0,0,0
Venezuela,Confirmed,40,2015,0,0,0
Venezuela,Suspected,41,2015,0,0,0
Venezuela,Confirmed,41,2015,0,0,0
Venezuela,Suspected,42,2015,0,0,0
Venezuela,Confirmed,42,2015,0,0,0
Venezuela,Suspected,43,2015,0,0,0
Venezuela,Confirmed,43,2015,0,0,0
Aruba,Suspected,44,2015,0,0,0
Aruba,Confirmed,44,2015,0,0,0
Aruba,Suspected,45,2015,0,0,0
Aruba,Confirmed,45,2015,0,0,0
Aruba,Suspected,46,2015,0,0,0
Aruba,Confirmed,46,2015,0,0,0
Aruba,Suspected,47,2015,0,0,0
Aruba,Confirmed,47,2015,0,0,0
Barbados,Suspected,44,2015,0,0,0
Barbados,Confirmed,44,2015,0,0,0
Barbados,Suspected,45,2015,0,0,0
Barbados,Confirmed,45,2015,0,0,0
Barbados,Suspected,46,2015,0,0,0
Barbados,Confirmed,46,2015,0,0,0
Barbados,Suspected,47,2015,0,0,0
Barbados,Confirmed,47,2015,0,0,0
Bolivia,Suspected,44,2015,0,0,0
Bolivia,Confirmed,44,2015,0,0,0
Bolivia,Suspected,45,2015,0,0,0
Bolivia,Confirmed,45,2015,0,0,0
Bolivia,Suspected,46,2015,0,0,0
Bolivia,Confirmed,46,2015,0,0,0
Bolivia,Suspected,47,2015,0,0,0
Bolivia,Confirmed,47,2015,0,0,0
Bonaire,Suspected,44,2015,0,0,0
Bonaire,Confirmed,44,2015,0,0,0
Bonaire,Suspected,45,2015,0,0,0
Bonaire,Confirmed,45,2015,0,0,0
Bonaire,Suspected,46,2015,0,0,0
Bonaire,Confirmed,46,2015,0,0,0
Bonaire,Suspected,47,2015,0,0,0
Bonaire,Confirmed,47,2015,0,0,0
Brazil,Suspected,44,2015,0,0,0
Brazil,Confirmed,44,2015,0,0,0
Brazil,Suspected,46,2015,0,0,0
Brazil,Confirmed,46,2015,0,0,0
Colombia,Suspected,44,2015,362,52,362
Colombia,Confirmed,44,2015,52,52,362
Colombia,Suspected,45,2015,741,95,741
Colombia,Confirmed,45,2015,95,95,741
Colombia,Suspected,46,2015,"1,046",90,"1,046"
Colombia,Confirmed,46,2015,90,90,"1,046"
Colombia,Suspected,47,2015,"1,065",0,"1,065"
Colombia,Confirmed,47,2015,0,0,"1,065"
Costa Rica,Suspected,44,2015,0,0,0
Costa Rica,Confirmed,44,2015,0,0,0
Costa Rica,Suspected,45,2015,0,0,0
Costa Rica,Confirmed,45,2015,0,0,0
Costa Rica,Suspected,46,2015,0,0,0
Costa Rica,Confirmed,46,2015,0,0,0
Costa Rica,Suspected,47,2015,0,0,0
Costa Rica,Confirmed,47,2015,0,0,0
Curacao,Suspected,44,2015,0,0,0
Curacao,Confirmed,44,2015,0,0,0
Curacao,Suspected,45,2015,0,0,0
Curacao,Confirmed,45,2015,0,0,0
Curacao,Suspected,46,2015,0,0,0
Curacao,Confirmed,46,2015,0,0,0
Curacao,Suspected,47,2015,0,0,0
Curacao,Confirmed,47,2015,0,0,0
Dominican Republic,Suspected,44,2015,0,0,0
Dominican Republic,Confirmed,44,2015,0,0,0
Dominican Republic,Suspected,45,2015,0,0,0
Dominican Republic,Confirmed,45,2015,0,0,0
Dominican Republic,Suspected,46,2015,0,0,0
Dominican Republic,Confirmed,46,2015,0,0,0
Dominican Republic,Suspected,47,2015,0,0,0
Dominican Republic,Confirmed,47,2015,0,0,0
Ecuador,Suspected,44,2015,0,0,0
Ecuador,Confirmed,44,2015,0,0,0
Ecuador,Suspected,45,2015,0,0,0
Ecuador,Confirmed,45,2015,0,0,0
Ecuador,Suspected,46,2015,0,0,0
Ecuador,Confirmed,46,2015,0,0,0
Ecuador,Suspected,47,2015,0,0,0
Ecuador,Confirmed,47,2015,0,0,0
El Salvador,Suspected,44,2015,0,0,0
El Salvador,Confirmed,44,2015,0,0,0
El Salvador,Suspected,45,2015,0,0,0
El Salvador,Confirmed,45,2015,0,0,0
El Salvador,Suspected,46,2015,195,0,195
El Salvador,Confirmed,46,2015,0,0,195
El Salvador,Suspected,47,2015,348,3,348
El Salvador,Confirmed,47,2015,3,3,348
French Guiana,Suspected,44,2015,0,0,0
French Guiana,Confirmed,44,2015,0,0,0
French Guiana,Suspected,45,2015,0,0,0
French Guiana,Confirmed,45,2015,0,0,0
French Guiana,Suspected,46,2015,0,0,0
French Guiana,Confirmed,46,2015,0,0,0
French Guiana,Suspected,47,2015,0,0,0
French Guiana,Confirmed,47,2015,0,0,0
Guadeloupe,Suspected,44,2015,0,0,0
Guadeloupe,Confirmed,44,2015,0,0,0
Guadeloupe,Suspected,45,2015,0,0,0
Guadeloupe,Confirmed,45,2015,0,0,0
Guadeloupe,Suspected,46,2015,0,0,0
Guadeloupe,Confirmed,46,2015,0,0,0
Guadeloupe,Suspected,47,2015,0,0,0
Guadeloupe,Confirmed,47,2015,0,0,0
Guatemala,Suspected,44,2015,0,0,0
Guatemala,Confirmed,44,2015,0,0,0
Guatemala,Suspected,45,2015,0,0,0
Guatemala,Confirmed,45,2015,0,0,0
Guatemala,Suspected,46,2015,0,1,0
Guatemala,Confirmed,46,2015,1,1,0
Guatemala,Suspected,47,2015,0,0,0
Guatemala,Confirmed,47,2015,0,0,0
Guyana,Suspected,44,2015,0,0,0
Guyana,Confirmed,44,2015,0,0,0
Guyana,Suspected,45,2015,0,0,0
Guyana,Confirmed,45,2015,0,0,0
Guyana,Suspected,46,2015,0,0,0
Guyana,Confirmed,46,2015,0,0,0
Guyana,Suspected,47,2015,0,0,0
Guyana,Confirmed,47,2015,0,0,0
Haiti,Suspected,44,2015,0,0,0
Haiti,Confirmed,44,2015,0,0,0
Haiti,Suspected,45,2015,0,0,0
Haiti,Confirmed,45,2015,0,0,0
Haiti,Suspected,46,2015,0,0,0
Haiti,Confirmed,46,2015,0,0,0
Haiti,Suspected,47,2015,0,0,0
Haiti,Confirmed,47,2015,0,0,0
Honduras,Suspected,44,2015,0,0,0
Honduras,Confirmed,44,2015,0,0,0
Honduras,Suspected,45,2015,0,0,0
Honduras,Confirmed,45,2015,0,0,0
Honduras,Suspected,46,2015,0,0,0
Honduras,Confirmed,46,2015,0,0,0
Honduras,Suspected,47,2015,0,0,0
Honduras,Confirmed,47,2015,0,0,0
Jamaica,Suspected,44,2015,0,0,0
Jamaica,Confirmed,44,2015,0,0,0
Jamaica,Suspected,45,2015,0,0,0
Jamaica,Confirmed,45,2015,0,0,0
Jamaica,Suspected,46,2015,0,0,0
Jamaica,Confirmed,46,2015,0,0,0
Jamaica,Suspected,47,2015,0,0,0
Jamaica,Confirmed,47,2015,0,0,0
Martinique,Suspected,44,2015,0,0,0
Martinique,Confirmed,44,2015,0,0,0
Martinique,Suspected,45,2015,0,0,0
Martinique,Confirmed,45,2015,0,0,0
Martinique,Suspected,46,2015,0,0,0
Martinique,Confirmed,46,2015,0,0,0
Martinique,Suspected,47,2015,0,0,0
Martinique,Confirmed,47,2015,0,0,0
Mexico,Suspected,44,2015,0,0,0
Mexico,Confirmed,44,2015,0,0,0
Mexico,Suspected,45,2015,0,0,0
Mexico,Confirmed,45,2015,0,0,0
Mexico,Suspected,46,2015,0,0,0
Mexico,Confirmed,46,2015,0,0,0
Mexico,Suspected,47,2015,0,2,0
Mexico,Confirmed,47,2015,2,2,0
Nicaragua,Suspected,44,2015,0,0,0
Nicaragua,Confirmed,44,2015,0,0,0
Nicaragua,Suspected,45,2015,0,0,0
Nicaragua,Confirmed,45,2015,0,0,0
Nicaragua,Suspected,46,2015,0,0,0
Nicaragua,Confirmed,46,2015,0,0,0
Nicaragua,Suspected,47,2015,0,0,0
Nicaragua,Confirmed,47,2015,0,0,0
Panama,Suspected,44,2015,0,0,0
Panama,Confirmed,44,2015,0,0,0
Panama,Suspected,45,2015,0,0,0
Panama,Confirmed,45,2015,0,0,0
Panama,Suspected,46,2015,0,0,0
Panama,Confirmed,46,2015,0,0,0
Panama,Suspected,47,2015,0,4,0
Panama,Confirmed,47,2015,4,4,0
Paraguay,Suspected,44,2015,0,0,0
Paraguay,Confirmed,44,2015,0,0,0
Paraguay,Suspected,45,2015,0,0,0
Paraguay,Confirmed,45,2015,0,0,0
Paraguay,Suspected,46,2015,0,0,0
Paraguay,Confirmed,46,2015,0,0,0
Paraguay,Suspected,47,2015,0,6,0
Paraguay,Confirmed,47,2015,6,6,0
Puerto Rico,Suspected,44,2015,0,0,0
Puerto Rico,Confirmed,44,2015,0,0,0
Puerto Rico,Suspected,45,2015,0,0,0
Puerto Rico,Confirmed,45,2015,0,0,0
Puerto Rico,Suspected,46,2015,0,0,0
Puerto Rico,Confirmed,46,2015,0,0,0
Puerto Rico,Suspected,47,2015,0,0,0
Puerto Rico,Confirmed,47,2015,0,0,0
Saint Martin,Suspected,44,2015,0,0,0
Saint Martin,Confirmed,44,2015,0,0,0
Saint Martin,Suspected,45,2015,0,0,0
Saint Martin,Confirmed,45,2015,0,0,0
Saint Martin,Suspected,46,2015,0,0,0
Saint Martin,Confirmed,46,2015,0,0,0
Saint Martin,Suspected,47,2015,0,0,0
Saint Martin,Confirmed,47,2015,0,0,0
Saint Vincent and the Grenadines,Suspected,44,2015,0,0,0
Saint Vincent and the Grenadines,Confirmed,44,2015,0,0,0
Saint Vincent and the Grenadines,Suspected,45,2015,0,0,0
Saint Vincent and the Grenadines,Confirmed,45,2015,0,0,0
Saint Vincent and the Grenadines,Suspected,46,2015,0,0,0
Saint Vincent and the Grenadines,Confirmed,46,2015,0,0,0
Saint Vincent and the Grenadines,Suspected,47,2015,0,0,0
Saint Vincent and the Grenadines,Confirmed,47,2015,0,0,0
Sint Maarten,Suspected,44,2015,0,0,0
Sint Maarten,Confirmed,44,2015,0,0,0
Sint Maarten,Suspected,45,2015,0,0,0
Sint Maarten,Confirmed,45,2015,0,0,0
Sint Maarten,Suspected,46,2015,0,0,0
Sint Maarten,Confirmed,46,2015,0,0,0
Sint Maarten,Suspected,47,2015,0,0,0
Sint Maarten,Confirmed,47,2015,0,0,0
Suriname,Suspected,44,2015,6,2,6
Suriname,Confirmed,44,2015,2,2,6
Suriname,Suspected,45,2015,3,0,3
Suriname,Confirmed,45,2015,0,0,3
Suriname,Suspected,46,2015,46,0,46
Suriname,Confirmed,46,2015,0,0,46
Suriname,Suspected,47,2015,29,0,29
Suriname,Confirmed,47,2015,0,0,29
Trinidad and Tobago,Suspected,44,2015,0,0,0
Trinidad and Tobago,Confirmed,44,2015,0,0,0
Trinidad and Tobago,Suspected,45,2015,0,0,0
Trinidad and Tobago,Confirmed,45,2015,0,0,0
Trinidad and Tobago,Suspected,46,2015,0,0,0
Trinidad and Tobago,Confirmed,46,2015,0,0,0
Trinidad and Tobago,Suspected,47,2015,0,0,0
Trinidad and Tobago,Confirmed,47,2015,0,0,0
United States Virgin Islands,Suspected,44,2015,0,0,0
United States Virgin Islands,Confirmed,44,2015,0,0,0
United States Virgin Islands,Suspected,45,2015,0,0,0
United States Virgin Islands,Confirmed,45,2015,0,0,0
United States Virgin Islands,Suspected,46,2015,0,0,0
United States Virgin Islands,Confirmed,46,2015,0,0,0
United States Virgin Islands,Suspected,47,2015,0,0,0
United States Virgin Islands,Confirmed,47,2015,0,0,0
Venezuela,Suspected,44,2015,0,0,0
Venezuela,Confirmed,44,2015,0,0,0
Venezuela,Suspected,45,2015,0,0,0
Venezuela,Confirmed,45,2015,0,0,0
Venezuela,Suspected,46,2015,0,0,0
Venezuela,Confirmed,46,2015,0,0,0
Venezuela,Suspected,47,2015,3,4,3
Venezuela,Confirmed,47,2015,4,4,3
Aruba,Suspected,48,2015,0,0,0
Aruba,Confirmed,48,2015,0,0,0
Aruba,Suspected,49,2015,0,0,0
Aruba,Confirmed,49,2015,0,0,0
Aruba,Suspected,50,2015,0,0,0
Aruba,Confirmed,50,2015,0,0,0
Aruba,Suspected,51,2015,0,0,0
Aruba,Confirmed,51,2015,0,0,0
Aruba,Suspected,52,2015,0,0,0
Aruba,Confirmed,52,2015,0,0,0
Barbados,Suspected,48,2015,0,0,0
Barbados,Confirmed,48,2015,0,0,0
Barbados,Suspected,49,2015,0,0,0
Barbados,Confirmed,49,2015,0,0,0
Barbados,Suspected,50,2015,0,0,0
Barbados,Confirmed,50,2015,0,0,0
Barbados,Suspected,51,2015,0,0,0
Barbados,Confirmed,51,2015,0,0,0
Barbados,Suspected,52,2015,0,0,0
Barbados,Confirmed,52,2015,0,0,0
Bolivia,Suspected,48,2015,0,0,0
Bolivia,Confirmed,48,2015,0,0,0
Bolivia,Suspected,49,2015,0,0,0
Bolivia,Confirmed,49,2015,0,0,0
Bolivia,Suspected,50,2015,0,0,0
Bolivia,Confirmed,50,2015,0,0,0
Bolivia,Suspected,51,2015,0,0,0
Bolivia,Confirmed,51,2015,0,0,0
Bolivia,Suspected,52,2015,0,0,0
Bolivia,Confirmed,52,2015,0,0,0
Bonaire,Suspected,48,2015,0,0,0
Bonaire,Confirmed,48,2015,0,0,0
Bonaire,Suspected,49,2015,0,0,0
Bonaire,Confirmed,49,2015,0,0,0
Bonaire,Suspected,50,2015,0,0,0
Bonaire,Confirmed,50,2015,0,0,0
Bonaire,Suspected,51,2015,0,0,0
Bonaire,Confirmed,51,2015,0,0,0
Bonaire,Suspected,52,2015,0,0,0
Bonaire,Confirmed,52,2015,0,0,0
Brazil,Suspected,48,2015,0,0,0
Brazil,Confirmed,48,2015,0,0,0
Brazil,Suspected,49,2015,0,0,0
Brazil,Confirmed,49,2015,0,0,0
Brazil,Suspected,50,2015,0,0,0
Brazil,Confirmed,50,2015,0,0,0
Brazil,Suspected,51,2015,0,0,0
Brazil,Confirmed,51,2015,0,0,0
Brazil,Suspected,52,2015,0,0,0
Brazil,Confirmed,52,2015,0,0,0
Colombia,Suspected,48,2015,"1,363",37,"1,363"
Colombia,Confirmed,48,2015,37,37,"1,363"
Colombia,Suspected,49,2015,"1,777",61,"1,777"
Colombia,Confirmed,49,2015,61,61,"1,777"
Colombia,Suspected,50,2015,"1,452",24,"1,452"
Colombia,Confirmed,50,2015,24,24,"1,452"
Colombia,Suspected,51,2015,988,36,988
Colombia,Confirmed,51,2015,36,36,988
Colombia,Suspected,52,2015,"1,686",10,"1,686"
Colombia,Confirmed,52,2015,10,10,"1,686"
Costa Rica,Suspected,48,2015,0,0,0
Costa Rica,Confirmed,48,2015,0,0,0
Costa Rica,Suspected,49,2015,0,0,0
Costa Rica,Confirmed,49,2015,0,0,0
Costa Rica,Suspected,50,2015,0,0,0
Costa Rica,Confirmed,50,2015,0,0,0
Costa Rica,Suspected,51,2015,0,0,0
Costa Rica,Confirmed,51,2015,0,0,0
Costa Rica,Suspected,52,2015,0,0,0
Costa Rica,Confirmed,52,2015,0,0,0
Curacao,Suspected,48,2015,0,0,0
Curacao,Confirmed,48,2015,0,0,0
Curacao,Suspected,49,2015,0,0,0
Curacao,Confirmed,49,2015,0,0,0
Curacao,Suspected,50,2015,0,0,0
Curacao,Confirmed,50,2015,0,0,0
Curacao,Suspected,51,2015,0,0,0
Curacao,Confirmed,51,2015,0,0,0
Curacao,Suspected,52,2015,0,0,0
Curacao,Confirmed,52,2015,0,0,0
Dominican Republic,Suspected,48,2015,0,0,0
Dominican Republic,Confirmed,48,2015,0,0,0
Dominican Republic,Suspected,49,2015,0,0,0
Dominican Republic,Confirmed,49,2015,0,0,0
Dominican Republic,Suspected,50,2015,0,0,0
Dominican Republic,Confirmed,50,2015,0,0,0
Dominican Republic,Suspected,51,2015,0,0,0
Dominican Republic,Confirmed,51,2015,0,0,0
Dominican Republic,Suspected,52,2015,0,0,0
Dominican Republic,Confirmed,52,2015,0,0,0
Ecuador,Suspected,48,2015,0,0,0
Ecuador,Confirmed,48,2015,0,0,0
Ecuador,Suspected,49,2015,0,0,0
Ecuador,Confirmed,49,2015,0,0,0
Ecuador,Suspected,50,2015,0,0,0
Ecuador,Confirmed,50,2015,0,0,0
Ecuador,Suspected,51,2015,0,0,0
Ecuador,Confirmed,51,2015,0,0,0
Ecuador,Suspected,52,2015,0,0,0
Ecuador,Confirmed,52,2015,0,0,0
El Salvador,Suspected,48,2015,846,0,846
El Salvador,Confirmed,48,2015,0,0,846
El Salvador,Suspected,49,2015,914,0,914
El Salvador,Confirmed,49,2015,0,0,914
El Salvador,Suspected,50,2015,753,0,753
El Salvador,Confirmed,50,2015,0,0,753
El Salvador,Suspected,51,2015,464,0,464
El Salvador,Confirmed,51,2015,0,0,464
El Salvador,Suspected,52,2015,316,0,316
El Salvador,Confirmed,52,2015,0,0,316
French Guiana,Suspected,48,2015,0,0,0
French Guiana,Confirmed,48,2015,0,0,0
French Guiana,Suspected,49,2015,0,0,0
French Guiana,Confirmed,49,2015,0,0,0
French Guiana,Suspected,50,2015,0,0,0
French Guiana,Confirmed,50,2015,0,0,0
French Guiana,Suspected,51,2015,0,0,0
French Guiana,Confirmed,51,2015,0,0,0
French Guiana,Suspected,52,2015,0,0,0
French Guiana,Confirmed,52,2015,0,0,0
Guadeloupe,Suspected,48,2015,0,0,0
Guadeloupe,Confirmed,48,2015,0,0,0
Guadeloupe,Suspected,49,2015,0,0,0
Guadeloupe,Confirmed,49,2015,0,0,0
Guadeloupe,Suspected,50,2015,0,0,0
Guadeloupe,Confirmed,50,2015,0,0,0
Guadeloupe,Suspected,51,2015,0,0,0
Guadeloupe,Confirmed,51,2015,0,0,0
Guadeloupe,Suspected,52,2015,0,0,0
Guadeloupe,Confirmed,52,2015,0,0,0
Guatemala,Suspected,48,2015,0,0,0
Guatemala,Confirmed,48,2015,0,0,0
Guatemala,Suspected,49,2015,0,0,0
Guatemala,Confirmed,49,2015,0,0,0
Guatemala,Suspected,50,2015,0,0,0
Guatemala,Confirmed,50,2015,0,0,0
Guatemala,Suspected,51,2015,0,0,0
Guatemala,Confirmed,51,2015,0,0,0
Guatemala,Suspected,52,2015,200,67,200
Guatemala,Confirmed,52,2015,67,67,200
Guyana,Suspected,48,2015,0,0,0
Guyana,Confirmed,48,2015,0,0,0
Guyana,Suspected,49,2015,0,0,0
Guyana,Confirmed,49,2015,0,0,0
Guyana,Suspected,50,2015,0,0,0
Guyana,Confirmed,50,2015,0,0,0
Guyana,Suspected,51,2015,0,0,0
Guyana,Confirmed,51,2015,0,0,0
Guyana,Suspected,52,2015,0,0,0
Guyana,Confirmed,52,2015,0,0,0
Haiti,Suspected,48,2015,0,0,0
Haiti,Confirmed,48,2015,0,0,0
Haiti,Suspected,49,2015,5,0,5
Haiti,Confirmed,49,2015,0,0,5
Haiti,Suspected,50,2015,0,0,0
Haiti,Confirmed,50,2015,0,0,0
Haiti,Suspected,51,2015,2,0,2
Haiti,Confirmed,51,2015,0,0,2
Haiti,Suspected,52,2015,2,0,2
Haiti,Confirmed,52,2015,0,0,2
Honduras,Suspected,48,2015,0,0,0
Honduras,Confirmed,48,2015,0,0,0
Honduras,Suspected,49,2015,0,0,0
Honduras,Confirmed,49,2015,0,0,0
Honduras,Suspected,50,2015,0,2,0
Honduras,Confirmed,50,2015,2,2,0
Honduras,Suspected,51,2015,55,0,55
Honduras,Confirmed,51,2015,0,0,55
Honduras,Suspected,52,2015,62,0,62
Honduras,Confirmed,52,2015,0,0,62
Jamaica,Suspected,48,2015,0,0,0
Jamaica,Confirmed,48,2015,0,0,0
Jamaica,Suspected,49,2015,0,0,0
Jamaica,Confirmed,49,2015,0,0,0
Jamaica,Suspected,50,2015,0,0,0
Jamaica,Confirmed,50,2015,0,0,0
Jamaica,Suspected,51,2015,0,0,0
Jamaica,Confirmed,51,2015,0,0,0
Jamaica,Suspected,52,2015,0,0,0
Jamaica,Confirmed,52,2015,0,0,0
Martinique,Suspected,48,2015,0,0,0
Martinique,Confirmed,48,2015,0,0,0
Martinique,Suspected,49,2015,0,0,0
Martinique,Confirmed,49,2015,0,0,0
Martinique,Suspected,50,2015,0,0,0
Martinique,Confirmed,50,2015,0,0,0
Martinique,Suspected,51,2015,0,0,0
Martinique,Confirmed,51,2015,0,0,0
Martinique,Suspected,52,2015,0,0,0
Martinique,Confirmed,52,2015,0,0,0
Mexico,Suspected,48,2015,0,0,0
Mexico,Confirmed,48,2015,0,0,0
Mexico,Suspected,49,2015,0,0,0
Mexico,Confirmed,49,2015,0,0,0
Mexico,Suspected,50,2015,0,0,0
Mexico,Confirmed,50,2015,0,0,0
Mexico,Suspected,51,2015,0,0,0
Mexico,Confirmed,51,2015,0,0,0
Mexico,Suspected,52,2015,0,13,0
Mexico,Confirmed,52,2015,13,13,0
Nicaragua,Suspected,48,2015,0,0,0
Nicaragua,Confirmed,48,2015,0,0,0
Nicaragua,Suspected,49,2015,0,0,0
Nicaragua,Confirmed,49,2015,0,0,0
Nicaragua,Suspected,50,2015,0,0,0
Nicaragua,Confirmed,50,2015,0,0,0
Nicaragua,Suspected,51,2015,0,0,0
Nicaragua,Confirmed,51,2015,0,0,0
Nicaragua,Suspected,52,2015,0,0,0
Nicaragua,Confirmed,52,2015,0,0,0
Panama,Suspected,48,2015,0,0,0
Panama,Confirmed,48,2015,0,0,0
Panama,Suspected,49,2015,0,5,0
Panama,Confirmed,49,2015,5,5,0
Panama,Suspected,50,2015,0,20,0
Panama,Confirmed,50,2015,20,20,0
Panama,Suspected,51,2015,0,7,0
Panama,Confirmed,51,2015,7,7,0
Panama,Suspected,52,2015,0,2,0
Panama,Confirmed,52,2015,2,2,0
Paraguay,Suspected,48,2015,0,0,0
Paraguay,Confirmed,48,2015,0,0,0
Paraguay,Suspected,49,2015,0,0,0
Paraguay,Confirmed,49,2015,0,0,0
Paraguay,Suspected,50,2015,0,0,0
Paraguay,Confirmed,50,2015,0,0,0
Paraguay,Suspected,51,2015,0,0,0
Paraguay,Confirmed,51,2015,0,0,0
Paraguay,Suspected,52,2015,0,0,0
Paraguay,Confirmed,52,2015,0,0,0
Puerto Rico,Suspected,48,2015,0,0,0
Puerto Rico,Confirmed,48,2015,0,0,0
Puerto Rico,Suspected,49,2015,0,0,0
Puerto Rico,Confirmed,49,2015,0,0,0
Puerto Rico,Suspected,50,2015,0,0,0
Puerto Rico,Confirmed,50,2015,0,0,0
Puerto Rico,Suspected,51,2015,0,0,0
Puerto Rico,Confirmed,51,2015,0,0,0
Puerto Rico,Suspected,52,2015,0,9,0
Puerto Rico,Confirmed,52,2015,9,9,0
Saint Martin,Suspected,48,2015,0,0,0
Saint Martin,Confirmed,48,2015,0,0,0
Saint Martin,Suspected,49,2015,0,0,0
Saint Martin,Confirmed,49,2015,0,0,0
Saint Martin,Suspected,50,2015,0,0,0
Saint Martin,Confirmed,50,2015,0,0,0
Saint Martin,Suspected,51,2015,0,0,0
Saint Martin,Confirmed,51,2015,0,0,0
Saint Martin,Suspected,52,2015,0,0,0
Saint Martin,Confirmed,52,2015,0,0,0
Saint Vincent and the Grenadines,Suspected,48,2015,0,0,0
Saint Vincent and the Grenadines,Confirmed,48,2015,0,0,0
Saint Vincent and the Grenadines,Suspected,49,2015,0,0,0
Saint Vincent and the Grenadines,Confirmed,49,2015,0,0,0
Saint Vincent and the Grenadines,Suspected,50,2015,0,0,0
Saint Vincent and the Grenadines,Confirmed,50,2015,0,0,0
Saint Vincent and the Grenadines,Suspected,51,2015,0,0,0
Saint Vincent and the Grenadines,Confirmed,51,2015,0,0,0
Saint Vincent and the Grenadines,Suspected,52,2015,0,0,0
Saint Vincent and the Grenadines,Confirmed,52,2015,0,0,0
Sint Maarten,Suspected,48,2015,0,0,0
Sint Maarten,Confirmed,48,2015,0,0,0
Sint Maarten,Suspected,49,2015,0,0,0
Sint Maarten,Confirmed,49,2015,0,0,0
Sint Maarten,Suspected,50,2015,0,0,0
Sint Maarten,Confirmed,50,2015,0,0,0
Sint Maarten,Suspected,51,2015,0,0,0
Sint Maarten,Confirmed,51,2015,0,0,0
Sint Maarten,Suspected,52,2015,0,0,0
Sint Maarten,Confirmed,52,2015,0,0,0
Suriname,Suspected,48,2015,61,0,61
Suriname,Confirmed,48,2015,0,0,61
Suriname,Suspected,49,2015,60,0,60
Suriname,Confirmed,49,2015,0,0,60
Suriname,Suspected,50,2015,59,0,59
Suriname,Confirmed,50,2015,0,0,59
Suriname,Suspected,51,2015,37,0,37
Suriname,Confirmed,51,2015,0,0,37
Suriname,Suspected,52,2015,28,0,28
Suriname,Confirmed,52,2015,0,0,28
Trinidad and Tobago,Suspected,48,2015,0,0,0
Trinidad and Tobago,Confirmed,48,2015,0,0,0
Trinidad and Tobago,Suspected,49,2015,0,0,0
Trinidad and Tobago,Confirmed,49,2015,0,0,0
Trinidad and Tobago,Suspected,50,2015,0,0,0
Trinidad and Tobago,Confirmed,50,2015,0,0,0
Trinidad and Tobago,Suspected,51,2015,0,0,0
Trinidad and Tobago,Confirmed,51,2015,0,0,0
Trinidad and Tobago,Suspected,52,2015,0,0,0
Trinidad and Tobago,Confirmed,52,2015,0,0,0
United States Virgin Islands,Suspected,48,2015,0,0,0
United States Virgin Islands,Confirmed,48,2015,0,0,0
United States Virgin Islands,Suspected,49,2015,0,0,0
United States Virgin Islands,Confirmed,49,2015,0,0,0
United States Virgin Islands,Suspected,50,2015,0,0,0
United States Virgin Islands,Confirmed,50,2015,0,0,0
United States Virgin Islands,Suspected,51,2015,0,0,0
United States Virgin Islands,Confirmed,51,2015,0,0,0
United States Virgin Islands,Suspected,52,2015,0,0,0
United States Virgin Islands,Confirmed,52,2015,0,0,0
Venezuela,Suspected,48,2015,0,0,0
Venezuela,Confirmed,48,2015,0,0,0
Venezuela,Suspected,49,2015,0,0,0
Venezuela,Confirmed,49,2015,0,0,0
Venezuela,Suspected,50,2015,0,0,0
Venezuela,Confirmed,50,2015,0,0,0
Venezuela,Suspected,51,2015,0,0,0
Venezuela,Confirmed,51,2015,0,0,0
Venezuela,Suspected,52,2015,0,0,0
Venezuela,Confirmed,52,2015,0,0,0
